<component size="177,261" idnum="0" overflow="hidden">
  <displayList>
    <text id="n3" name="n3" xy="0,0" size="46,21" fontSize="14" color="#fed486" text="生命值"/>
    <text id="n6" name="n6" xy="0,20" size="46,21" fontSize="14" color="#fed486" text="内力值"/>
    <text id="n7" name="n7" xy="0,40" size="32,21" fontSize="14" color="#fed486" text="臂力"/>
    <text id="n8" name="n8" xy="85,40" size="32,21" fontSize="14" color="#fed486" text="罡气"/>
    <text id="n9" name="n9" xy="0,60" size="32,21" fontSize="14" color="#fed486" text="韧性"/>
    <text id="n10" name="n10" xy="85,60" size="32,21" fontSize="14" color="#fed486" text="内劲"/>
    <text id="n11" name="n11" xy="0,80" size="32,21" fontSize="14" color="#fed486" text="根骨"/>
    <text id="n12" name="n12" xy="0,100" size="32,21" fontSize="14" color="#fed486" text="外防"/>
    <text id="n13" name="n13" xy="85,80" size="32,21" fontSize="14" color="#fed486" text="外功"/>
    <text id="n14" name="n14" xy="0,120" size="32,21" fontSize="14" color="#fed486" text="内功"/>
    <text id="n15" name="n15" xy="0,140" size="32,21" fontSize="14" color="#fed486" text="内防"/>
    <text id="n16" name="n16" xy="0,160" size="32,21" fontSize="14" color="#fed486" text="生命"/>
    <text id="n17" name="n17" xy="85,160" size="32,21" fontSize="14" color="#fed486" text="内力"/>
    <text id="n18" name="n18" xy="0,180" size="46,21" fontSize="14" color="#fed486" text="暴击率"/>
    <text id="n19" name="n19" xy="0,200" size="60,21" fontSize="14" color="#fed486" text="暴击伤害"/>
    <text id="n20" name="n20" xy="0,220" size="46,21" fontSize="14" color="#fed486" text="抗暴击"/>
    <text id="n21" name="n21" xy="0,240" size="46,21" fontSize="14" color="#fed486" text="抗暴伤"/>
    <text id="n22" name="n22" xy="53,0" size="105,21" fontSize="14" color="#ffffff" align="center" autoSize="none" text=""/>
    <text id="n23" name="n23" xy="53,20" size="105,21" fontSize="14" color="#ffffff" align="center" autoSize="none" text=""/>
    <text id="n24" name="n24" xy="33,40" size="50,21" fontSize="14" color="#ffffff" align="center" autoSize="none" text=""/>
    <text id="n25" name="n25" xy="118,40" size="59,21" fontSize="14" color="#ffffff" align="center" autoSize="none" text=""/>
    <text id="n27" name="n27" xy="33,60" size="50,21" fontSize="14" color="#ffffff" align="center" autoSize="none" text=""/>
    <text id="n28" name="n28" xy="118,60" size="50,21" fontSize="14" color="#ffffff" align="center" autoSize="none" text=""/>
    <text id="n29" name="n29" xy="32,80" size="52,21" fontSize="14" color="#ffffff" align="center" autoSize="none" text=""/>
    <text id="n30" name="n30" xy="116,80" size="50,21" fontSize="14" color="#ffffff" align="center" autoSize="none" text=""/>
    <text id="n31" name="n31" xy="32,100" size="105,21" fontSize="14" color="#ffffff" align="center" autoSize="none" text=""/>
    <text id="n32" name="n32" xy="32,120" size="105,21" fontSize="14" color="#ffffff" align="center" autoSize="none" text=""/>
    <text id="n33" name="n33" xy="32,140" size="105,21" fontSize="14" color="#ffffff" align="center" autoSize="none" text=""/>
    <text id="n34" name="n34" xy="32,160" size="50,21" fontSize="14" color="#ffffff" align="center" autoSize="none" text=""/>
    <text id="n35" name="n35" xy="117,160" size="50,21" fontSize="14" color="#ffffff" align="center" autoSize="none" text=""/>
    <text id="n36" name="n36" xy="46,180" size="105,21" fontSize="14" color="#ffffff" align="center" autoSize="none" text=""/>
    <text id="n37" name="n37" xy="60,200" size="105,21" fontSize="14" color="#ffffff" align="center" autoSize="none" text=""/>
    <text id="n38" name="n38" xy="45,220" size="105,21" fontSize="14" color="#ffffff" align="center" autoSize="none" text=""/>
    <text id="n39" name="n39" xy="45,240" size="105,21" fontSize="14" color="#ffffff" align="center" autoSize="none" text=""/>
  </displayList>
</component>