<component size="171,122" idnum="0" overflow="hidden">
  <displayList>
    <component id="n2" name="n2" src="ymo8s" pkg="ar7o9b8z" xy="51,95">
      <Button title="升级"/>
    </component>
    <text id="n3" name="n3" xy="0,0" size="32,21" fontSize="14" color="#fed486" text="职业"/>
    <text id="n4" name="n4" xy="0,23" size="32,21" fontSize="14" color="#fed486" text="名称"/>
    <text id="n5" name="n5" xy="0,47" size="60,21" fontSize="14" color="#fed486" text="现有经验&#xA;"/>
    <text id="n6" name="n6" xy="0,72" size="60,21" fontSize="14" color="#fed486" text="升级经验&#xA;"/>
    <text id="n7" name="n7" xy="88,0" size="32,21" fontSize="14" color="#fed486" text="等级"/>
    <text id="n8" name="n8" xy="39,0" size="40,21" fontSize="14" color="#ffffff" align="center" autoSize="none" text=""/>
    <text id="n9" name="n9" xy="131,0" size="40,21" fontSize="14" color="#ffffff" autoSize="none" text=""/>
    <text id="n10" name="n10" xy="38,23" size="133,21" fontSize="14" color="#ffffff" autoSize="none" text=""/>
    <text id="n11" name="n11" xy="65,47" size="105,21" fontSize="14" color="#ffffff" align="center" autoSize="none" text=""/>
    <text id="n12" name="n12" xy="65,72" size="105,21" fontSize="14" color="#ffffff" align="center" autoSize="none" text=""/>
  </displayList>
</component>