<component size="577,493" idnum="42">
  <controller name="c1" pages="0,装备,1,时装" selected="0"/>
  <displayList>
    <component id="n41" name="frame" src="ymo8b0" pkg="ar7o9b8z" xy="0,0">
      <Label icon="ui://a4ihke8wymo8p"/>
    </component>
    <loader id="n11" name="n11" xy="66,77" size="256,405" align="center" vAlign="middle" overflow="scale">
      <gearDisplay controller="c1" pages="0"/>
    </loader>
    <loader id="n34" name="n34" xy="34,73" size="252,399" align="center" vAlign="middle" overflow="scale">
      <gearDisplay controller="c1" pages="1"/>
    </loader>
    <component id="n6" name="n6" src="ymo8v" pkg="ar7o9b8z" xy="-8,116">
      <Button checked="true" title="装备" controller="c1" page="0"/>
    </component>
    <component id="n7" name="n7" src="ymo8v" pkg="ar7o9b8z" xy="-8,203">
      <Button title="时装" controller="c1" page="1"/>
    </component>
    <component id="n23" name="n23" src="ymo8j" xy="367,84"/>
    <component id="n10" name="n10" src="ymo819" pkg="ar7o9b8z" xy="44,91" group="n24"/>
    <component id="n12" name="n12" src="ymo819" pkg="ar7o9b8z" xy="44,154" group="n24"/>
    <component id="n13" name="n13" src="ymo819" pkg="ar7o9b8z" xy="44,221" group="n24"/>
    <component id="n14" name="n14" src="ymo819" pkg="ar7o9b8z" xy="44,287" group="n24"/>
    <component id="n15" name="n15" src="ymo819" pkg="ar7o9b8z" xy="44,354" group="n24"/>
    <group id="n24" name="n24" xy="44,91" size="44,307" advanced="true">
      <gearDisplay controller="c1" pages="0"/>
    </group>
    <component id="n16" name="n16" src="ymo819" pkg="ar7o9b8z" xy="299,91" group="n25"/>
    <component id="n17" name="n17" src="ymo819" pkg="ar7o9b8z" xy="299,154" group="n25"/>
    <component id="n18" name="n18" src="ymo819" pkg="ar7o9b8z" xy="299,221" group="n25"/>
    <component id="n19" name="n19" src="ymo819" pkg="ar7o9b8z" xy="299,287" group="n25"/>
    <component id="n20" name="n20" src="ymo819" pkg="ar7o9b8z" xy="299,354" group="n25"/>
    <group id="n25" name="n25" xy="299,91" size="44,307" advanced="true">
      <gearDisplay controller="c1" pages="0"/>
    </group>
    <component id="n26" name="n26" src="ymo819" pkg="ar7o9b8z" xy="299,91" group="n31"/>
    <component id="n27" name="n27" src="ymo819" pkg="ar7o9b8z" xy="299,154" group="n31"/>
    <component id="n28" name="n28" src="ymo819" pkg="ar7o9b8z" xy="299,221" group="n31"/>
    <component id="n29" name="n29" src="ymo819" pkg="ar7o9b8z" xy="299,287" group="n31"/>
    <component id="n30" name="n30" src="ymo819" pkg="ar7o9b8z" xy="299,354" group="n31"/>
    <group id="n31" name="n3100" xy="299,91" size="44,307" advanced="true">
      <gearDisplay controller="c1" pages="1"/>
    </group>
    <text id="n32" name="n32" xy="301,439" size="60,21" fontSize="14" color="#fed486" vAlign="middle" text="展示时装"/>
    <component id="n33" name="n33" src="ymo812" pkg="ar7o9b8z" xy="278,440"/>
  </displayList>
</component>