<component size="190,380" idnum="24" overflow="scroll">
  <displayList>
    <component id="n0" name="n0" src="ymo8r" pkg="ar7o9b8z" xy="3,0">
      <Button checked="true" title="基本" page="1"/>
    </component>
    <component id="n21" name="n21" src="ymo8r" pkg="ar7o9b8z" xy="3,147">
      <relation target="n23" sidePair="top-bottom"/>
      <Button checked="true" title="属性" page="1"/>
    </component>
    <component id="n22" name="n22" src="ymo8r" pkg="ar7o9b8z" xy="3,429">
      <relation target="n49" sidePair="top-bottom"/>
      <Button checked="true" title="人物抗性" page="1"/>
    </component>
    <component id="n47" name="n47" src="ymo8r" pkg="ar7o9b8z" xy="3,470">
      <relation target="n50" sidePair="top-bottom"/>
      <Button checked="true" title="详细属性" page="1"/>
    </component>
    <component id="n49" name="n49" src="ymo8q" xy="6,167">
      <relation target="n21" sidePair="top-bottom"/>
    </component>
    <component id="n50" name="n50" src="ymo8r" xy="6,450">
      <relation target="n22" sidePair="top-bottom"/>
    </component>
    <component id="n51" name="n51" src="ymo8r" xy="6,492">
      <relation target="n47" sidePair="top-bottom"/>
    </component>
    <component id="n23" name="n23" src="ymo8s" xy="9,21">
      <relation target="n0" sidePair="top-bottom"/>
    </component>
  </displayList>
</component>