<component size="145,24" idnum="4" extention="Button">
  <controller name="button" pages="0,up,1,down,2,over,3,selectedOver" selected="0"/>
  <displayList>
    <image id="n1" name="n1" src="ymo845" xy="0,0" size="145,24">
      <gearDisplay controller="button" pages="2"/>
      <relation target="" sidePair="height-height,width-width"/>
    </image>
    <image id="n3" name="n3" src="ymo81g" xy="-25,-10" size="188,36">
      <gearDisplay controller="button" pages="0,1,3"/>
      <relation target="" sidePair="width-width,height-height"/>
    </image>
    <text id="n4" name="title" xy="5,2" size="136,21" fontSize="14" color="#ffffff" align="center" autoSize="none" text="">
      <relation target="" sidePair="width-width,height-height"/>
      <gearColor controller="button" pages="2" values="#fed486" default="#ffffff"/>
    </text>
  </displayList>
  <Button/>
</component>