<component size="195,28" idnum="6" extention="Button">
  <controller name="button" pages="0,up,1,down,2,over,3,selectedOver" selected="0"/>
  <displayList>
    <image id="n1" name="n1" src="ymo849" xy="0,0" size="196,28">
      <gearDisplay controller="button" pages="0,3"/>
    </image>
    <image id="n2" name="n2" src="ymo848" xy="0,0" size="196,28">
      <gearDisplay controller="button" pages="1"/>
    </image>
    <image id="n3" name="n3" src="ymo847" xy="0,0" size="196,28">
      <gearDisplay controller="button" pages="2"/>
    </image>
    <text id="n4" name="title" xy="28,3" size="155,18" fontSize="14" color="#ffae00" align="center" letterSpacing="7" autoSize="none" text=""/>
    <loader id="n5" name="icon" xy="45,4" size="137,22" vAlign="middle"/>
  </displayList>
  <Button/>
</component>