<component size="174,23" idnum="6" extention="Button">
  <controller name="button" pages="0,up,1,down,2,over,3,selectedOver" selected="0"/>
  <displayList>
    <image id="n1" name="n1" src="fpg53n" xy="0,0" size="174,23">
      <relation target="" sidePair="width-width,height-height"/>
    </image>
    <text id="n2" name="title" xy="5,0" size="154,21" fontSize="14" color="#ffffff" align="center" autoSize="none" text="">
      <relation target="n1" sidePair="height-height,width-width"/>
    </text>
    <image id="n3" name="n3" src="ymo82" xy="152,5">
      <gearDisplay controller="button" pages="1"/>
      <relation target="n1" sidePair="height-height,width-width"/>
    </image>
    <image id="n4" name="n4" src="ymo81" xy="152,5">
      <gearDisplay controller="button" pages="0,3"/>
      <relation target="n1" sidePair="width-width,height-height"/>
    </image>
    <image id="n5" name="n5" src="ymo80" xy="152,5">
      <gearDisplay controller="button" pages="2"/>
      <relation target="n1" sidePair="width-width,height-height"/>
    </image>
  </displayList>
  <Button/>
</component>