<component size="36,6" idnum="4" extention="Button">
  <controller name="button" pages="0,up,1,down,2,over,3,selectedOver" selected="0"/>
  <displayList>
    <image id="n1" name="n1" src="fpg53d" xy="0,0" size="36,6">
      <gearDisplay controller="button" pages="0,2"/>
    </image>
    <image id="n2" name="n2" src="fpg53e" xy="0,0">
      <gearDisplay controller="button" pages="1,3"/>
    </image>
    <image id="n3" name="grip" src="fpg53c" xy="0,0" size="36,6">
      <gearDisplay controller="button" pages="0"/>
    </image>
  </displayList>
  <Button/>
</component>