<component size="70,27" idnum="7" extention="Button">
  <controller name="button" pages="0,up,1,down,2,over,3,selectedOver" selected="0"/>
  <displayList>
    <image id="n3" name="n3" src="fpg51cm" xy="-2,-2">
      <gearDisplay controller="button" pages="1,3"/>
    </image>
    <image id="n2" name="n2" src="ymo8e" xy="0,0">
      <gearDisplay controller="button" pages="0"/>
    </image>
    <image id="n4" name="n4" src="ymo8c" xy="0,0">
      <gearDisplay controller="button" pages="2"/>
    </image>
    <text id="n6" name="title" xy="1,5" size="67,21" fontSize="14" color="#ffae00" align="center" autoSize="none" text="">
      <gearColor controller="button" pages="0,1,2,3" values="#ffae00|-|#ffae00|-" default="#fffb88" tween="ease"/>
    </text>
  </displayList>
  <Button mode="Radio"/>
</component>