<component size="43,20" idnum="7" extention="Button">
  <controller name="button" pages="0,up,1,down,2,over,3,selectedOver" selected="0"/>
  <displayList>
    <image id="n2" name="n2" src="ymo8c" xy="0,0" size="43,20">
      <gearDisplay controller="button" pages="2"/>
    </image>
    <image id="n3" name="n3" src="ymo8d" xy="0,0" size="43,20">
      <gearDisplay controller="button" pages="1"/>
    </image>
    <image id="n4" name="n4" src="ymo8e" xy="0,0" size="43,20">
      <gearDisplay controller="button" pages="0,3"/>
    </image>
    <text id="n5" name="title" xy="1,1" size="41,18" fontSize="14" color="#ffae00" align="center" autoSize="none" text=""/>
  </displayList>
  <Button/>
</component>