<component size="760,520" idnum="15" extention="Label" initName="frame">
  <displayList>
    <image id="n2" name="n2" src="ymo87t" xy="21,66" size="729,435">
      <relation target="" sidePair="width-width,height-height"/>
    </image>
    <image id="n3" name="n3" src="ymo87o" xy="16,501" size="737,14">
      <relation target="n2" sidePair="top-bottom"/>
    </image>
    <image id="n10" name="n10" src="ymo87s" xy="0,-7">
      <relation target="" sidePair="height-height,width-width"/>
    </image>
    <component id="n4" name="closeButton" src="ymo8u" xy="724,26"/>
    <graph id="n12" name="dragArea" xy="50,39" size="670,31" type="rect" lineColor="#0a000000" fillColor="#07ffffff"/>
    <loader id="n14" name="icon" xy="23,11" size="90,30" align="center" vAlign="middle"/>
  </displayList>
</component>