<component size="540,480" idnum="9" extention="Label" initName="frame">
  <displayList>
    <image id="n2" name="n2" src="ymo87t" xy="19,70" size="505,383"/>
    <image id="n3" name="n3" src="ymo87o" xy="14,452" size="514,14"/>
    <image id="n5" name="n5" src="ymo87q" xy="-1,-6"/>
    <component id="n4" name="closeButton" src="ymo8u" xy="497,24"/>
    <graph id="n10" name="dragArea" xy="43,40" size="449,31" type="rect" lineColor="#0a000000" fillColor="#07ffffff"/>
    <loader id="n8" name="icon" xy="19,9" size="95,32" align="center" vAlign="middle"/>
  </displayList>
</component>