<component size="108,24" idnum="5" extention="Button">
  <controller name="button" pages="0,up,1,down,2,over,3,selectedOver" selected="1"/>
  <displayList>
    <image id="n1" name="n1" src="ymo845" xy="0,0" size="108,24">
      <gearDisplay controller="button" pages="1"/>
      <relation target="" sidePair="height-height,width-width"/>
    </image>
    <image id="n3" name="n3" src="ymo81g" xy="-10,-10" size="123,36">
      <gearDisplay controller="button" pages="0,2,3"/>
    </image>
    <text id="n4" name="title" xy="2,3" size="104,21" fontSize="14" color="#ffffff" align="center" autoSize="none" text="">
      <relation target="" sidePair="width-width,height-height"/>
    </text>
  </displayList>
  <Button/>
</component>