<component size="7,36" idnum="4" extention="Button">
  <controller name="button" pages="0,up,1,down,2,over,3,selectedOver" selected="0"/>
  <displayList>
    <image id="n1" name="n1" src="ymo8i" xy="0,0">
      <gearDisplay controller="button" pages="0"/>
      <relation target="" sidePair="width-width,height-height"/>
    </image>
    <image id="n2" name="n2" src="ymo8h" xy="0,0">
      <gearDisplay controller="button" pages="1,3"/>
      <relation target="" sidePair="width-width,height-height"/>
    </image>
    <image id="n3" name="n3" src="ymo8g" xy="0,0">
      <gearDisplay controller="button" pages="2"/>
      <relation target="" sidePair="width-width,height-height"/>
    </image>
  </displayList>
  <Button/>
</component>