<component size="10,400" idnum="4" extention="ScrollBar">
  <displayList>
    <component id="n0" name="arrow2" src="ymo8p" xy="-3,387">
      <relation target="" sidePair="bottom-bottom"/>
    </component>
    <component id="n1" name="arrow1" src="ymo8q" xy="-3,0">
      <relation target="" sidePair="top-top"/>
    </component>
    <graph id="n2" name="bar" xy="0,9" size="10,380" type="rect" lineColor="#ff330000" fillColor="#ff000000">
      <relation target="" sidePair="height-height"/>
    </graph>
    <component id="n3" name="grip" src="ymo8t" xy="1,41"/>
  </displayList>
</component>