<component size="183,20" idnum="14" extention="Button">
  <controller name="button" pages="0,up,1,down,2,over,3,selectedOver" selected="0"/>
  <displayList>
    <image id="n1" name="n1" src="ymo88" xy="0,0">
      <gearDisplay controller="button" pages="0"/>
      <relation target="" sidePair="width-width,height-height"/>
    </image>
    <image id="n2" name="n2" src="ymo87" xy="0,0">
      <gearDisplay controller="button" pages="1,3"/>
      <relation target="" sidePair="width-width,height-height"/>
    </image>
    <image id="n3" name="n3" src="ymo86" xy="0,0">
      <gearDisplay controller="button" pages="2"/>
      <relation target="" sidePair="width-width,height-height"/>
    </image>
    <text id="n7" name="title" xy="57,1" size="68,18" fontSize="14" color="#fed486" align="center" vAlign="middle" autoSize="none" text="">
      <gearColor controller="button" pages="0,1,2,3" values="-|#ffae00|-|#ffae00" default="#fed486" tween="ease"/>
    </text>
    <image id="n11" name="n11" src="ymo85" xy="163,3">
      <gearDisplay controller="button" pages="0"/>
    </image>
    <image id="n12" name="n12" src="ymo84" xy="163,3">
      <gearDisplay controller="button" pages="1,3"/>
    </image>
    <image id="n13" name="n13" src="ymo83" xy="163,3">
      <gearDisplay controller="button" pages="2"/>
    </image>
  </displayList>
  <Button mode="Radio"/>
</component>