<component size="590,500" idnum="11" extention="Label">
  <displayList>
    <image id="n2" name="n2" src="ymo87t" xy="19,70" size="558,403"/>
    <image id="n3" name="n3" src="ymo87o" xy="9,473" size="574,14"/>
    <image id="n7" name="n7" src="ymo87r" xy="1,-4"/>
    <component id="n4" name="closeButton" src="ymo8u" xy="553,26"/>
    <graph id="n10" name="dragArea" xy="57,42" size="486,31" type="rect" lineColor="#0a000000" fillColor="#07ffffff"/>
    <loader id="n8" name="icon" xy="32,13" size="71,32" align="center" vAlign="middle"/>
  </displayList>
</component>