<component size="380,501" idnum="5" extention="Label" initName="frame">
  <displayList>
    <image id="n2" name="n2" src="ymo87t" xy="20,70" size="349,419"/>
    <image id="n1" name="n1" src="ymo87p" xy="0,0" size="370,356"/>
    <image id="n3" name="n3" src="ymo87o" xy="19,487" size="347,14"/>
    <component id="n4" name="closeButton" src="ymo8u" xy="349,35"/>
    <graph id="n10" name="dragArea" xy="45,45" size="298,31" type="rect" lineColor="#0a000000" fillColor="#07ffffff"/>
    <loader id="n8" name="icon" xy="28,15" size="71,32" align="center" vAlign="middle"/>
  </displayList>
</component>