<component size="151,54" extention="Button" idnum="4">
  <controller name="button" pages="0,up,1,down,2,over,3,selectedOver"/>
  <displayList>
    <image id="n1" src="ymo825" name="n1" xy="0,0">
      <gearDisplay controller="button" pages="0"/>
      <relation target="" sidePair="width,height"/>
    </image>
    <image id="n2" src="ymo824" name="n2" xy="0,0">
      <gearDisplay controller="button" pages="1,3"/>
      <relation target="" sidePair="width,height"/>
    </image>
    <image id="n3" src="ymo826" name="n3" xy="0,0">
      <gearDisplay controller="button" pages="2"/>
      <relation target="" sidePair="width,height"/>
    </image>
  </displayList>
  <Button/>
</component>