<component size="27,90" idnum="5" extention="Button">
  <controller name="button" pages="0,up,1,down,2,over,3,selectedOver" selected="0"/>
  <displayList>
    <image id="n1" name="n1" src="ymo8o" xy="2,0">
      <gearDisplay controller="button" pages="0"/>
      <relation target="" sidePair="width-width,height-height"/>
    </image>
    <image id="n2" name="n2" src="ymo8n" xy="2,-33">
      <gearDisplay controller="button" pages="1,3"/>
      <relation target="" sidePair="width-width,height-height"/>
    </image>
    <image id="n3" name="n3" src="ymo8m" xy="2,0">
      <gearDisplay controller="button" pages="2"/>
      <relation target="" sidePair="width-width,height-height"/>
    </image>
    <text id="n4" name="title" xy="7,-6" size="20,102" fontSize="16" color="#ffae00" align="center" vAlign="middle" leading="2" autoSize="none" text="">
      <gearColor controller="button" pages="0,1,2,3" values="-|#fffb88|-|#fffb88" default="#ffae00" tween="ease"/>
    </text>
  </displayList>
  <Button mode="Radio"/>
</component>