<component size="135,27" idnum="5" extention="Button">
  <controller name="button" pages="0,up,1,down,2,over,3,selectedOver" selected="0"/>
  <displayList>
    <image id="n1" name="n1" src="ymo8e" xy="0,0" size="135,27">
      <gearDisplay controller="button" pages="0"/>
      <relation target="" sidePair="width-width,height-height"/>
    </image>
    <image id="n2" name="n2" src="ymo8d" xy="0,0" size="135,27">
      <gearDisplay controller="button" pages="1,3"/>
      <relation target="" sidePair="width-width,height-height"/>
    </image>
    <image id="n3" name="n3" src="ymo8c" xy="0,0" size="135,27">
      <gearDisplay controller="button" pages="2"/>
      <relation target="" sidePair="width-width,height-height"/>
    </image>
    <text id="n4" name="title" xy="0,5" size="135,22" fontSize="14" color="#ffae00" align="center" vAlign="middle" autoSize="none" text=""/>
  </displayList>
  <Button/>
</component>