<?xml version="1.0" encoding="utf-8"?>
<component size="1136,570">
  <displayList>
    <graph id="n1" name="n1" xy="28,50" size="100,100" type="rect"/>
    <graph id="n2" name="n2" xy="166,48" size="100,100" type="rect" lineSize="5" lineColor="#ffffff66" fillColor="#ffcc9933"/>
    <graph id="n3" name="n3" xy="310,48" size="100,100" type="rect" lineSize="5" lineColor="#ff663333" fillColor="#ff33cccc"/>
    <graph id="n4" name="n4" xy="374,87" size="100,100" type="eclipse" lineSize="0" fillColor="#6866cc33"/>
    <graph id="n5" name="n5" xy="24,233" size="206,113" type="rect" lineSize="0" fillColor="#ff006600"/>
    <graph id="n6" name="n6" xy="294,229" size="206,113" type="eclipse" lineSize="0" fillColor="#ff336699"/>
    <graph id="n7" name="n7" xy="549,63" size="46,256" grayed="true" type="rect" lineSize="15" lineColor="#ffff99ff" fillColor="#ffff6600"/>
    <text id="n8" name="n8" xy="13,10" size="192,26" fontSize="22" text="Simple graphics. "/>
    <graph id="n9" name="n9" xy="45,423" size="100,100"/>
    <text id="n10" name="n10" xy="18,380" size="533,26" fontSize="22" text="Empty graph is usually for place holder purpose."/>
  </displayList>
</component>